Workbook
Name MinA: Regels!$A$2:$A$37
Name MaxA: Regels!$B$2:$B$37
Name MinP: Regels!$C$2:$C$37
Name MaxC: Regels!$D$2:$D$37
Name MaxC0: Regels!$E$2:$E$37

Sheet Rekentool
A1: BKR-rekentool — beroepskracht-kindratio
A2: Vul het aantal kinderen per leeftijd in. Het minimum aantal beroepskrachten verschijnt onderaan.
A3: Aantal kinderen per leeftijd
A4: 0 jaar (0–1) | B4: 0
A5: 1 jaar (1–2) | B5: 0
A6: 2 jaar (2–3) | B6: 0
A7: 3 jaar (3–4) | B7: 0
A9: Benodigde beroepskrachten: | B9: =IF(SUM($B$4:$B$7)=0,0,IF(Berekening!M2=0,"Ongeldige groepssamenstelling",Berekening!M2+IF(MAX(Berekening!M3:M6)>Berekening!M2,1,0)))
A12: Toelichting
A13: • Ratio per leeftijd: 0 jr 1:3 · 1 jr 1:5 · 2 jr 1:6 · 3 jr 1:8 (dagopvang, vanaf 1 juli 2024).
A14: • De uitkomst houdt rekening met de maximale groepsgrootte én met de extra-kracht-regel
A15: (één kind minder mag nooit meer beroepskrachten vereisen).
A16: • "Ongeldige groepssamenstelling" betekent dat geen wettelijke groepsnorm op deze
A17: combinatie past (bijv. te grote of niet-toegestane mengvorm).
A18: • Berekend volgens dezelfde regels als de BKRCalculator-engine; bedoeld als hulpmiddel,
A19: de officiële rekentool op 1ratio.nl is bindend.

Sheet Regels
A1: MinLeeftijd | B1: MaxLeeftijd | C1: MinBeroepskrachten | D1: MaxKinderen | E1: MaxNuljarigen
A2: 0 | B2: 1 | C2: 1 | D2: 3 | E2: 999
A3: 0 | B3: 1 | C3: 2 | D3: 6 | E3: 999
A4: 0 | B4: 1 | C4: 3 | D4: 9 | E4: 999
A5: 0 | B5: 1 | C5: 4 | D5: 12 | E5: 999
A6: 1 | B6: 2 | C6: 1 | D6: 5 | E6: 999
A7: 1 | B7: 2 | C7: 2 | D7: 10 | E7: 999
A8: 1 | B8: 2 | C8: 3 | D8: 15 | E8: 999
A9: 1 | B9: 2 | C9: 4 | D9: 16 | E9: 999
A10: 2 | B10: 3 | C10: 1 | D10: 8 | E10: 999
A11: 2 | B11: 3 | C11: 2 | D11: 16 | E11: 999
A12: 3 | B12: 4 | C12: 1 | D12: 8 | E12: 999
A13: 3 | B13: 4 | C13: 2 | D13: 16 | E13: 999
... A37: 2 | B37: 4 | C37: 2 | D37: 16 | E37: 999

Sheet Berekening
A1: Scenario | B1: x0 | C1: x1 | D1: x2 | E1: x3 | F1: totaal | G1: minLft | H1: maxLft | I1: regel# | J1: minBK | K1: ratioBK | L1: basis | M1: telwaarde
A2: Origineel | B2: =Rekentool!$B$4 | C2: =Rekentool!$B$5 | D2: =Rekentool!$B$6 | E2: =Rekentool!$B$7 | F2: =B2+C2+D2+E2 | G2: =IF(B2>0,0,IF(C2>0,1,IF(D2>0,2,IF(E2>0,3,-1)))) | H2: =IF(E2>0,3,IF(D2>0,2,IF(C2>0,1,IF(B2>0,0,-1)))) | I2: =IFERROR(MATCH(1,(MinA=G2)*(MaxA=H2+1)*(MaxC>=F2)*(MaxC0>=B2),0),0) | J2: =IF(I2=0,0,INDEX(MinP,I2)) | K2: =IF(B2>0,CEILING(B2/3+(C2/5+D2/6+E2/8)/1.2,1),0) | L2: =IF(OR(F2=0,I2=0),0,MAX(J2,K2)) | M2: =L2
A3: Min 1× 0-jarige | B3: =Rekentool!$B$4-1 | C3: =Rekentool!$B$5 | D3: =Rekentool!$B$6 | E3: =Rekentool!$B$7 | F3: =B3+C3+D3+E3 | G3: =IF(B3>0,0,IF(C3>0,1,IF(D3>0,2,IF(E3>0,3,-1)))) | H3: =IF(E3>0,3,IF(D3>0,2,IF(C3>0,1,IF(B3>0,0,-1)))) | I3: =IFERROR(MATCH(1,(MinA=G3)*(MaxA=H3+1)*(MaxC>=F3)*(MaxC0>=B3),0),0) | J3: =IF(I3=0,0,INDEX(MinP,I3)) | K3: =IF(B3>0,CEILING(B3/3+(C3/5+D3/6+E3/8)/1.2,1),0) | L3: =IF(OR(F3=0,I3=0),0,MAX(J3,K3)) | M3: =IF(Rekentool!$B$4>0,L3,0)
A4: Min 1× 1-jarige | B4: =Rekentool!$B$4 | C4: =Rekentool!$B$5-1 | D4: =Rekentool!$B$6 | E4: =Rekentool!$B$7 | F4: =B4+C4+D4+E4 | G4: =IF(B4>0,0,IF(C4>0,1,IF(D4>0,2,IF(E4>0,3,-1)))) | H4: =IF(E4>0,3,IF(D4>0,2,IF(C4>0,1,IF(B4>0,0,-1)))) | I4: =IFERROR(MATCH(1,(MinA=G4)*(MaxA=H4+1)*(MaxC>=F4)*(MaxC0>=B4),0),0) | J4: =IF(I4=0,0,INDEX(MinP,I4)) | K4: =IF(B4>0,CEILING(B4/3+(C4/5+D4/6+E4/8)/1.2,1),0) | L4: =IF(OR(F4=0,I4=0),0,MAX(J4,K4)) | M4: =IF(Rekentool!$B$5>0,L4,0)
A5: Min 1× 2-jarige | B5: =Rekentool!$B$4 | C5: =Rekentool!$B$5 | D5: =Rekentool!$B$6-1 | E5: =Rekentool!$B$7 | F5: =B5+C5+D5+E5 | G5: =IF(B5>0,0,IF(C5>0,1,IF(D5>0,2,IF(E5>0,3,-1)))) | H5: =IF(E5>0,3,IF(D5>0,2,IF(C5>0,1,IF(B5>0,0,-1)))) | I5: =IFERROR(MATCH(1,(MinA=G5)*(MaxA=H5+1)*(MaxC>=F5)*(MaxC0>=B5),0),0) | J5: =IF(I5=0,0,INDEX(MinP,I5)) | K5: =IF(B5>0,CEILING(B5/3+(C5/5+D5/6+E5/8)/1.2,1),0) | L5: =IF(OR(F5=0,I5=0),0,MAX(J5,K5)) | M5: =IF(Rekentool!$B$6>0,L5,0)
A6: Min 1× 3-jarige | B6: =Rekentool!$B$4 | C6: =Rekentool!$B$5 | D6: =Rekentool!$B$6 | E6: =Rekentool!$B$7-1 | F6: =B6+C6+D6+E6 | G6: =IF(B6>0,0,IF(C6>0,1,IF(D6>0,2,IF(E6>0,3,-1)))) | H6: =IF(E6>0,3,IF(D6>0,2,IF(C6>0,1,IF(B6>0,0,-1)))) | I6: =IFERROR(MATCH(1,(MinA=G6)*(MaxA=H6+1)*(MaxC>=F6)*(MaxC0>=B6),0),0) | J6: =IF(I6=0,0,INDEX(MinP,I6)) | K6: =IF(B6>0,CEILING(B6/3+(C6/5+D6/6+E6/8)/1.2,1),0) | L6: =IF(OR(F6=0,I6=0),0,MAX(J6,K6)) | M6: =IF(Rekentool!$B$7>0,L6,0)
